image_url,Store ID,item_name,MSRP, Price,discount, Floor Stock, Backroom Stock, In Transit Stock, Aisles,URL,Address, City, State, ZIP
https://i5.walmartimages.com/seo/Equate-Uncoated-Nicotine-Gum-2-mg-Stop-Smoking-Aid-Mint-Flavor-170-Count_45a059aa-bb96-456d-bcf1-1a1d74506281.50f56edc5e26bc2d7288e5c248a2efbe.jpeg?odnHeight=450&odnWidth=450&odnBg=FFFFFF,2406,Equate Uncoated Nicotine Gum 2 mg,32.97, 10.0,70,5,0,0,Possibly OOS,https://www.walmart.com/ip/emoney/10324632,3155 S Federal Hwy, Delray Beach, FL,33483
https://i5.walmartimages.com/seo/Equate-Uncoated-Nicotine-Gum-2-mg-Stop-Smoking-Aid-Mint-Flavor-170-Count_45a059aa-bb96-456d-bcf1-1a1d74506281.50f56edc5e26bc2d7288e5c248a2efbe.jpeg?odnHeight=450&odnWidth=450&odnBg=FFFFFF,1387,Equate Uncoated Nicotine Gum 2 mg,32.97, 10.0,70,4,0,0, B3-100,https://www.walmart.com/ip/emoney/10324632,4650 N University Dr, Coral Springs, FL,33067
https://i5.walmartimages.com/seo/Equate-Uncoated-Nicotine-Gum-2-mg-Stop-Smoking-Aid-Mint-Flavor-170-Count_45a059aa-bb96-456d-bcf1-1a1d74506281.50f56edc5e26bc2d7288e5c248a2efbe.jpeg?odnHeight=450&odnWidth=450&odnBg=FFFFFF,3163,Equate Uncoated Nicotine Gum 2 mg,32.97, 10.0,70,5,0,0,Possibly OOS,https://www.walmart.com/ip/emoney/10324632,301 S State Road 7, Hollywood, FL,33023
https://i5.walmartimages.com/seo/Equate-Uncoated-Nicotine-Gum-2-mg-Stop-Smoking-Aid-Mint-Flavor-170-Count_45a059aa-bb96-456d-bcf1-1a1d74506281.50f56edc5e26bc2d7288e5c248a2efbe.jpeg?odnHeight=450&odnWidth=450&odnBg=FFFFFF,4563,Equate Uncoated Nicotine Gum 2 mg,32.97, 13.0,61,2,0,0,Possibly OOS,https://www.walmart.com/ip/emoney/10324632,401 E Sheridan St, Dania Beach, FL,33004
https://i5.walmartimages.com/seo/Equate-Uncoated-Nicotine-Gum-2-mg-Stop-Smoking-Aid-Mint-Flavor-170-Count_45a059aa-bb96-456d-bcf1-1a1d74506281.50f56edc5e26bc2d7288e5c248a2efbe.jpeg?odnHeight=450&odnWidth=450&odnBg=FFFFFF,2814,Equate Uncoated Nicotine Gum 2 mg,32.97, 10.0,70,3,0,0, G47-5,https://www.walmart.com/ip/emoney/10324632,9300 Nw 77th Ave, Hialeah, FL,33016
https://i5.walmartimages.com/seo/Equate-Uncoated-Nicotine-Gum-2-mg-Stop-Smoking-Aid-Mint-Flavor-170-Count_45a059aa-bb96-456d-bcf1-1a1d74506281.50f56edc5e26bc2d7288e5c248a2efbe.jpeg?odnHeight=450&odnWidth=450&odnBg=FFFFFF,5912,Equate Uncoated Nicotine Gum 2 mg,32.97, 10.0,70,4,0,0,Possibly OOS,https://www.walmart.com/ip/emoney/10324632,21151 S Dixie Hwy, Miami, FL,33189
https://i5.walmartimages.com/seo/Equate-Uncoated-Nicotine-Gum-2-mg-Stop-Smoking-Aid-Mint-Flavor-170-Count_45a059aa-bb96-456d-bcf1-1a1d74506281.50f56edc5e26bc2d7288e5c248a2efbe.jpeg?odnHeight=450&odnWidth=450&odnBg=FFFFFF,1590,Equate Uncoated Nicotine Gum 2 mg,32.97, 10.0,70,18,0,0,Possibly OOS,https://www.walmart.com/ip/emoney/10324632,5851 Nw 177th St, Hialeah, FL,33015
https://i5.walmartimages.com/seo/Equate-Uncoated-Nicotine-Gum-2-mg-Stop-Smoking-Aid-Mint-Flavor-170-Count_45a059aa-bb96-456d-bcf1-1a1d74506281.50f56edc5e26bc2d7288e5c248a2efbe.jpeg?odnHeight=450&odnWidth=450&odnBg=FFFFFF,4617,Equate Uncoated Nicotine Gum 2 mg,32.97, 10.0,70,7,0,0,Possibly OOS,https://www.walmart.com/ip/emoney/10324632,1199 S Federal Hwy, Pompano Beach, FL,33062
https://i5.walmartimages.com/seo/Equate-Uncoated-Nicotine-Gum-2-mg-Stop-Smoking-Aid-Mint-Flavor-170-Count_45a059aa-bb96-456d-bcf1-1a1d74506281.50f56edc5e26bc2d7288e5c248a2efbe.jpeg?odnHeight=450&odnWidth=450&odnBg=FFFFFF,1851,Equate Uncoated Nicotine Gum 2 mg,32.97, 10.0,70,3,0,0, G25-6,https://www.walmart.com/ip/emoney/10324632,7900 W Mcnab Rd, North Lauderdale, FL,33068
https://i5.walmartimages.com/seo/Hyper-Tough-20-inch-125cc-Gas-Push-Mower-with-Briggs-Stratton-Engine_78cfe138-77c9-4b9b-b90e-21e165a33cd6.694f2cfc3c0c1e9cb3efdb3854e52da0.jpeg?odnHeight=450&odnWidth=450&odnBg=FFFFFF,5671,Hyper Tough 20-inch 125cc Gas Push Mower with Briggs & Stratton Engine,247.0, 100.0,60,3,0,0,Possibly OOS,https://www.walmart.com/ip/emoney/1112171799,1499 South Dixie Hwy, Homestead, FL,33033
https://i5.walmartimages.com/seo/Hyper-Tough-20-inch-125cc-Gas-Push-Mower-with-Briggs-Stratton-Engine_78cfe138-77c9-4b9b-b90e-21e165a33cd6.694f2cfc3c0c1e9cb3efdb3854e52da0.jpeg?odnHeight=450&odnWidth=450&odnBg=FFFFFF,2727,Hyper Tough 20-inch 125cc Gas Push Mower with Briggs & Stratton Engine,247.0, 50.0,80,2,0,0,Possibly OOS,https://www.walmart.com/ip/emoney/1112171799,33501 S Dixie Hwy, Florida City, FL,33034
https://i5.walmartimages.com/seo/Lasko-Wind-Machine-20-Air-Circulator-Floor-Fan-3-Speeds-23-H-Black-A20302-New_6c64e299-0910-43c0-95d6-a05f4f306ff9.5b713c41ce99e209da2ad704a81dc063.jpeg?odnHeight=450&odnWidth=450&odnBg=FFFFFF,2406,"Lasko Wind Machine 20"" Air Circulator Floor Fan",59.99, 21.0,65,6,0,0, B19-100,https://www.walmart.com/ip/emoney/147291703,3155 S Federal Hwy, Delray Beach, FL,33483
https://i5.walmartimages.com/seo/Lasko-Wind-Machine-20-Air-Circulator-Floor-Fan-3-Speeds-23-H-Black-A20302-New_6c64e299-0910-43c0-95d6-a05f4f306ff9.5b713c41ce99e209da2ad704a81dc063.jpeg?odnHeight=450&odnWidth=450&odnBg=FFFFFF,1851,"Lasko Wind Machine 20"" Air Circulator Floor Fan",59.99, 19.0,68,4,0,0,Possibly OOS,https://www.walmart.com/ip/emoney/147291703,7900 W Mcnab Rd, North Lauderdale, FL,33068
https://i5.walmartimages.com/seo/Nerf-Pro-Gelfire-Raid-Water-Beads-Gel-Blaster-with-5-10-000-Rounds-800-Round-Hopper-and-Eyewear-For-Outdoor-Games-Ages-14-and-Up_e7aad479-1acf-4bc6-a004-5cf67e7b17ab.6cdae60e1bfffcdbd67e0771da2108b0.jpeg?odnHeight=450&odnWidth=450&odnBg=FFFFFF,3104,Nerf Pro Gelfire Raid Water Beads Gel Blaster with 5 10,49.98, 16.5,67,2,0,0,Possibly OOS,https://www.walmart.com/ip/emoney/1534156033,1101 S Military Trl, Deerfield Beach, FL,33442
https://i5.walmartimages.com/seo/Nerf-Pro-Gelfire-Raid-Water-Beads-Gel-Blaster-with-5-10-000-Rounds-800-Round-Hopper-and-Eyewear-For-Outdoor-Games-Ages-14-and-Up_e7aad479-1acf-4bc6-a004-5cf67e7b17ab.6cdae60e1bfffcdbd67e0771da2108b0.jpeg?odnHeight=450&odnWidth=450&odnBg=FFFFFF,5854,Nerf Pro Gelfire Raid Water Beads Gel Blaster with 5 10,49.98, 20.0,60,5,0,0,Possibly OOS,https://www.walmart.com/ip/emoney/1534156033,8400 Coral Way, Miami, FL,33155
https://i5.walmartimages.com/seo/Nerf-Pro-Gelfire-Raid-Water-Beads-Gel-Blaster-with-5-10-000-Rounds-800-Round-Hopper-and-Eyewear-For-Outdoor-Games-Ages-14-and-Up_e7aad479-1acf-4bc6-a004-5cf67e7b17ab.6cdae60e1bfffcdbd67e0771da2108b0.jpeg?odnHeight=450&odnWidth=450&odnBg=FFFFFF,0,Nerf Pro Gelfire Raid Water Beads Gel Blaster with 5 10,49.98, 24.0,52,2,0,0,Possibly OOS,https://www.walmart.com/ip/emoney/1534156033,15601 Sw 127th Ave, Miami, FL,33177
https://i5.walmartimages.com/seo/Nerf-Pro-Gelfire-Raid-Water-Beads-Gel-Blaster-with-5-10-000-Rounds-800-Round-Hopper-and-Eyewear-For-Outdoor-Games-Ages-14-and-Up_e7aad479-1acf-4bc6-a004-5cf67e7b17ab.6cdae60e1bfffcdbd67e0771da2108b0.jpeg?odnHeight=450&odnWidth=450&odnBg=FFFFFF,2091,Nerf Pro Gelfire Raid Water Beads Gel Blaster with 5 10,49.98, 24.0,52,3,0,0, M1-11,https://www.walmart.com/ip/emoney/1534156033,8651 Nw 13th Ter, Doral, FL,33126
https://i5.walmartimages.com/seo/Nerf-Pro-Gelfire-Raid-Water-Beads-Gel-Blaster-with-5-10-000-Rounds-800-Round-Hopper-and-Eyewear-For-Outdoor-Games-Ages-14-and-Up_e7aad479-1acf-4bc6-a004-5cf67e7b17ab.6cdae60e1bfffcdbd67e0771da2108b0.jpeg?odnHeight=450&odnWidth=450&odnBg=FFFFFF,2946,Nerf Pro Gelfire Raid Water Beads Gel Blaster with 5 10,49.98, 16.5,67,7,0,0, L34-8,https://www.walmart.com/ip/emoney/1534156033,2500 W Broward Blvd, Fort Lauderdale, FL,33312
https://i5.walmartimages.com/seo/Nerf-Pro-Gelfire-Raid-Water-Beads-Gel-Blaster-with-5-10-000-Rounds-800-Round-Hopper-and-Eyewear-For-Outdoor-Games-Ages-14-and-Up_e7aad479-1acf-4bc6-a004-5cf67e7b17ab.6cdae60e1bfffcdbd67e0771da2108b0.jpeg?odnHeight=450&odnWidth=450&odnBg=FFFFFF,2987,Nerf Pro Gelfire Raid Water Beads Gel Blaster with 5 10,49.98, 16.5,67,4,0,0, I12-7/I12-11,https://www.walmart.com/ip/emoney/1534156033,4301 S University Dr, Davie, FL,33328
https://i5.walmartimages.com/seo/Nerf-Pro-Gelfire-Raid-Water-Beads-Gel-Blaster-with-5-10-000-Rounds-800-Round-Hopper-and-Eyewear-For-Outdoor-Games-Ages-14-and-Up_e7aad479-1acf-4bc6-a004-5cf67e7b17ab.6cdae60e1bfffcdbd67e0771da2108b0.jpeg?odnHeight=450&odnWidth=450&odnBg=FFFFFF,2151,Nerf Pro Gelfire Raid Water Beads Gel Blaster with 5 10,49.98, 24.0,52,17,0,0, G29-3,https://www.walmart.com/ip/emoney/1534156033,12555 W Sunrise Blvd, Sunrise, FL,33323
https://i5.walmartimages.com/seo/Transformers-Optimus-Prime-Converting-RC-Radio-Control-Vehicle_d7404794-c097-493c-9374-ecc89090e0be.18975ff8d20d9549f388c4179f66d01c.jpeg?odnHeight=450&odnWidth=450&odnBg=FFFFFF,4303,Transformers Optimus Prime Converting RC Radio Control Vehicle,84.99, 39.97,53,2,0,0, I13-8,https://www.walmart.com/ip/emoney/1765361627,3200 Nw 79th St, Miami, FL,33147
https://i5.walmartimages.com/seo/Transformers-Optimus-Prime-Converting-RC-Radio-Control-Vehicle_d7404794-c097-493c-9374-ecc89090e0be.18975ff8d20d9549f388c4179f66d01c.jpeg?odnHeight=450&odnWidth=450&odnBg=FFFFFF,3935,Transformers Optimus Prime Converting RC Radio Control Vehicle,84.99, 39.97,53,3,0,0, I9-8,https://www.walmart.com/ip/emoney/1765361627,14325 Sw 268th St, Naranja, FL,33032
https://i5.walmartimages.com/seo/Transformers-Optimus-Prime-Converting-RC-Radio-Control-Vehicle_d7404794-c097-493c-9374-ecc89090e0be.18975ff8d20d9549f388c4179f66d01c.jpeg?odnHeight=450&odnWidth=450&odnBg=FFFFFF,1387,Transformers Optimus Prime Converting RC Radio Control Vehicle,84.99, 39.97,53,5,0,0, L1-5,https://www.walmart.com/ip/emoney/1765361627,4650 N University Dr, Coral Springs, FL,33067
https://i5.walmartimages.com/seo/Transformers-Optimus-Prime-Converting-RC-Radio-Control-Vehicle_d7404794-c097-493c-9374-ecc89090e0be.18975ff8d20d9549f388c4179f66d01c.jpeg?odnHeight=450&odnWidth=450&odnBg=FFFFFF,5912,Transformers Optimus Prime Converting RC Radio Control Vehicle,84.99, 31.5,63,2,0,0,Possibly OOS,https://www.walmart.com/ip/emoney/1765361627,21151 S Dixie Hwy, Miami, FL,33189
https://i5.walmartimages.com/seo/Transformers-Optimus-Prime-Converting-RC-Radio-Control-Vehicle_d7404794-c097-493c-9374-ecc89090e0be.18975ff8d20d9549f388c4179f66d01c.jpeg?odnHeight=450&odnWidth=450&odnBg=FFFFFF,5945,Transformers Optimus Prime Converting RC Radio Control Vehicle,84.99, 39.97,53,3,0,0, L12-8,https://www.walmart.com/ip/emoney/1765361627,400 W 49th St, Hialeah, FL,33012
https://i5.walmartimages.com/seo/Transformers-Optimus-Prime-Converting-RC-Radio-Control-Vehicle_d7404794-c097-493c-9374-ecc89090e0be.18975ff8d20d9549f388c4179f66d01c.jpeg?odnHeight=450&odnWidth=450&odnBg=FFFFFF,2091,Transformers Optimus Prime Converting RC Radio Control Vehicle,84.99, 31.0,64,5,0,0, J11-7,https://www.walmart.com/ip/emoney/1765361627,8651 Nw 13th Ter, Doral, FL,33126
https://i5.walmartimages.com/seo/Transformers-Optimus-Prime-Converting-RC-Radio-Control-Vehicle_d7404794-c097-493c-9374-ecc89090e0be.18975ff8d20d9549f388c4179f66d01c.jpeg?odnHeight=450&odnWidth=450&odnBg=FFFFFF,3625,Transformers Optimus Prime Converting RC Radio Control Vehicle,84.99, 39.97,53,4,1,0, L12-9,https://www.walmart.com/ip/emoney/1765361627,3001 N State Road 7, Lauderdale Lakes, FL,33313
https://i5.walmartimages.com/seo/Ionvac-OptiMax-Robovac-Laser-Mapping-Robot-Vacuum-Cleaner-with-Wi-Fi-New_ffaab887-da6b-4591-a363-987a0cf4cf96.062d1cbf3fb5d01d7dab0c9f00b8c7c9.png?odnHeight=450&odnWidth=450&odnBg=FFFFFF,3858,Ionvac OptiMax Robovac,199.0, 79.0,60,3,0,0, H36-3,https://www.walmart.com/ip/emoney/2032133187,22100 S State Road 7, Boca Raton, FL,33428
https://i5.walmartimages.com/seo/KitchenAid-Classic-Series-4-5-Quart-Tilt-Head-White-Stand-Mixer_e116a66e-f7bf-48b1-bdb8-52edab73731a_1.bc8b6af3c6ff15a9a6903c432858b325.jpeg?odnHeight=450&odnWidth=450&odnBg=FFFFFF,5854,KitchenAid Classic Series 4.5 Quart Tilt-Head White Stand Mixer,359.99, 150.0,58,0,2,0, E25-2,https://www.walmart.com/ip/emoney/3215,8400 Coral Way, Miami, FL,33155
https://i5.walmartimages.com/seo/Mr-Coffee-Programmable-3-Way-Brewing-System-12-Cup-Drip-Coffee-Makers_1dc1c0a4-5812-41db-baf9-6ee532754f63.27887899d8657b6bdb8771ce8f905823.jpeg?odnHeight=450&odnWidth=450&odnBg=FFFFFF,1916,Mr. Coffee Programmable 3-Way Brewing System 12-Cup Drip Coffee Makers,59.9, 25.0,58,3,0,0, G38-16,https://www.walmart.com/ip/emoney/3406383181,5571 W Hillsboro Blvd, Coconut Creek, FL,33073
https://i5.walmartimages.com/seo/Mr-Coffee-Programmable-3-Way-Brewing-System-12-Cup-Drip-Coffee-Makers_1dc1c0a4-5812-41db-baf9-6ee532754f63.27887899d8657b6bdb8771ce8f905823.jpeg?odnHeight=450&odnWidth=450&odnBg=FFFFFF,1590,Mr. Coffee Programmable 3-Way Brewing System 12-Cup Drip Coffee Makers,59.9, 20.0,67,3,0,0, I2-9,https://www.walmart.com/ip/emoney/3406383181,5851 Nw 177th St, Hialeah, FL,33015
https://i5.walmartimages.com/seo/Mr-Coffee-Programmable-3-Way-Brewing-System-12-Cup-Drip-Coffee-Makers_1dc1c0a4-5812-41db-baf9-6ee532754f63.27887899d8657b6bdb8771ce8f905823.jpeg?odnHeight=450&odnWidth=450&odnBg=FFFFFF,3235,Mr. Coffee Programmable 3-Way Brewing System 12-Cup Drip Coffee Makers,59.9, 15.0,75,2,0,0,Possibly OOS,https://www.walmart.com/ip/emoney/3406383181,1425 Ne 163rd St, North Miami Beach, FL,33162
https://i5.walmartimages.com/seo/Mr-Coffee-Programmable-3-Way-Brewing-System-12-Cup-Drip-Coffee-Makers_1dc1c0a4-5812-41db-baf9-6ee532754f63.27887899d8657b6bdb8771ce8f905823.jpeg?odnHeight=450&odnWidth=450&odnBg=FFFFFF,1680,Mr. Coffee Programmable 3-Way Brewing System 12-Cup Drip Coffee Makers,59.9, 20.0,67,2,0,0,Possibly OOS,https://www.walmart.com/ip/emoney/3406383181,15885 Sw 88th St, Kendall, FL,33196
https://i5.walmartimages.com/seo/LEGO-Animal-Crossing-Kapp-n-s-Island-Boat-Tour-Buildable-Video-Game-Toy-Kids-Includes-2-Minifigures-Series-Marshal-Kapp-n-Animal-Crossing-Toy-6-Year_31ba980a-74bb-4e61-9e17-12a17485997f.99f74465973b3301c58449cb29deeb82.jpeg?odnHeight=450&odnWidth=450&odnBg=FFFFFF,1916,LEGO Animal Crossing Kapp’n’s Island Boat Tour,29.99, 12.0,60,2,0,0,Possibly OOS,https://www.walmart.com/ip/emoney/3830438614,5571 W Hillsboro Blvd, Coconut Creek, FL,33073
https://i5.walmartimages.com/seo/LEGO-Animal-Crossing-Kapp-n-s-Island-Boat-Tour-Buildable-Video-Game-Toy-Kids-Includes-2-Minifigures-Series-Marshal-Kapp-n-Animal-Crossing-Toy-6-Year_31ba980a-74bb-4e61-9e17-12a17485997f.99f74465973b3301c58449cb29deeb82.jpeg?odnHeight=450&odnWidth=450&odnBg=FFFFFF,3104,LEGO Animal Crossing Kapp’n’s Island Boat Tour,29.99, 12.0,60,2,0,0,Possibly OOS,https://www.walmart.com/ip/emoney/3830438614,1101 S Military Trl, Deerfield Beach, FL,33442
https://i5.walmartimages.com/seo/LEGO-Animal-Crossing-Kapp-n-s-Island-Boat-Tour-Buildable-Video-Game-Toy-Kids-Includes-2-Minifigures-Series-Marshal-Kapp-n-Animal-Crossing-Toy-6-Year_31ba980a-74bb-4e61-9e17-12a17485997f.99f74465973b3301c58449cb29deeb82.jpeg?odnHeight=450&odnWidth=450&odnBg=FFFFFF,5854,LEGO Animal Crossing Kapp’n’s Island Boat Tour,29.99, 12.0,60,5,0,0,Possibly OOS,https://www.walmart.com/ip/emoney/3830438614,8400 Coral Way, Miami, FL,33155
https://i5.walmartimages.com/seo/LEGO-Animal-Crossing-Kapp-n-s-Island-Boat-Tour-Buildable-Video-Game-Toy-Kids-Includes-2-Minifigures-Series-Marshal-Kapp-n-Animal-Crossing-Toy-6-Year_31ba980a-74bb-4e61-9e17-12a17485997f.99f74465973b3301c58449cb29deeb82.jpeg?odnHeight=450&odnWidth=450&odnBg=FFFFFF,1590,LEGO Animal Crossing Kapp’n’s Island Boat Tour,29.99, 5.0,83,3,0,0,Possibly OOS,https://www.walmart.com/ip/emoney/3830438614,5851 Nw 177th St, Hialeah, FL,33015
https://i5.walmartimages.com/seo/LEGO-Animal-Crossing-Kapp-n-s-Island-Boat-Tour-Buildable-Video-Game-Toy-Kids-Includes-2-Minifigures-Series-Marshal-Kapp-n-Animal-Crossing-Toy-6-Year_31ba980a-74bb-4e61-9e17-12a17485997f.99f74465973b3301c58449cb29deeb82.jpeg?odnHeight=450&odnWidth=450&odnBg=FFFFFF,2091,LEGO Animal Crossing Kapp’n’s Island Boat Tour,29.99, 12.0,60,3,0,0,Possibly OOS,https://www.walmart.com/ip/emoney/3830438614,8651 Nw 13th Ter, Doral, FL,33126
https://i5.walmartimages.com/seo/LEGO-Animal-Crossing-Kapp-n-s-Island-Boat-Tour-Buildable-Video-Game-Toy-Kids-Includes-2-Minifigures-Series-Marshal-Kapp-n-Animal-Crossing-Toy-6-Year_31ba980a-74bb-4e61-9e17-12a17485997f.99f74465973b3301c58449cb29deeb82.jpeg?odnHeight=450&odnWidth=450&odnBg=FFFFFF,2946,LEGO Animal Crossing Kapp’n’s Island Boat Tour,29.99, 12.0,60,3,0,0,Possibly OOS,https://www.walmart.com/ip/emoney/3830438614,2500 W Broward Blvd, Fort Lauderdale, FL,33312
https://i5.walmartimages.com/seo/LEGO-Animal-Crossing-Kapp-n-s-Island-Boat-Tour-Buildable-Video-Game-Toy-Kids-Includes-2-Minifigures-Series-Marshal-Kapp-n-Animal-Crossing-Toy-6-Year_31ba980a-74bb-4e61-9e17-12a17485997f.99f74465973b3301c58449cb29deeb82.jpeg?odnHeight=450&odnWidth=450&odnBg=FFFFFF,1680,LEGO Animal Crossing Kapp’n’s Island Boat Tour,29.99, 12.0,60,2,0,0,Possibly OOS,https://www.walmart.com/ip/emoney/3830438614,15885 Sw 88th St, Kendall, FL,33196
https://i5.walmartimages.com/seo/Shark-Stratos-UltraLight-Corded-Stick-Vacuum-with-DuoClean-PowerFins-HairPro-Self-Cleaning-Brushroll-and-Odor-Neutralizer-Technology-HZ3000_2686403a-0f58-404f-a595-ff09267f7855.b6c30bc11b1ea73598ed34d18b290a04.jpeg,3311,Shark Stratos Ultra Light Corded Stick Vacuum with Duo Clean Power Fins Hair Pro Self Cleaning Brushroll and Odor Neutralizer Technology H Z3000,249.0, 90.0,64,6,0,0,Possibly OOS,https://www.walmart.com/ip/emoney/458191287,19501 Nw 27th Ave, Miami Gardens, FL,33056
https://i5.walmartimages.com/seo/Equate-Nicotine-Polacrilex-Coated-Gum-4-mg-Cinnamon-Flavor-Stop-Smoking-Aid-160-Count_90f75153-e204-4670-85ce-9c46fca63f51.bab3721c02940522f5e72db882c00ec6.jpeg?odnHeight=450&odnWidth=450&odnBg=FFFFFF,3235,Equate Nicotine Polacrilex Coated Gum 4 mg,37.98, 10.0,74,6,0,0,Possibly OOS,https://www.walmart.com/ip/emoney/475484304,1425 Ne 163rd St, North Miami Beach, FL,33162
https://i5.walmartimages.com/seo/Equate-Nicotine-Polacrilex-Coated-Gum-4-mg-Cinnamon-Flavor-Stop-Smoking-Aid-160-Count_90f75153-e204-4670-85ce-9c46fca63f51.bab3721c02940522f5e72db882c00ec6.jpeg?odnHeight=450&odnWidth=450&odnBg=FFFFFF,0,Equate Nicotine Polacrilex Coated Gum 4 mg,37.98, 10.0,74,4,0,0,Possibly OOS,https://www.walmart.com/ip/emoney/475484304,15601 Sw 127th Ave, Miami, FL,33177
https://i5.walmartimages.com/seo/Equate-Nicotine-Polacrilex-Coated-Gum-4-mg-Cinnamon-Flavor-Stop-Smoking-Aid-160-Count_90f75153-e204-4670-85ce-9c46fca63f51.bab3721c02940522f5e72db882c00ec6.jpeg?odnHeight=450&odnWidth=450&odnBg=FFFFFF,2814,Equate Nicotine Polacrilex Coated Gum 4 mg,37.98, 10.0,74,8,0,0, G47-5,https://www.walmart.com/ip/emoney/475484304,9300 Nw 77th Ave, Hialeah, FL,33016
https://i5.walmartimages.com/seo/Equate-Nicotine-Polacrilex-Coated-Gum-4-mg-Cinnamon-Flavor-Stop-Smoking-Aid-160-Count_90f75153-e204-4670-85ce-9c46fca63f51.bab3721c02940522f5e72db882c00ec6.jpeg?odnHeight=450&odnWidth=450&odnBg=FFFFFF,1511,Equate Nicotine Polacrilex Coated Gum 4 mg,37.98, 10.0,74,6,0,0,Possibly OOS,https://www.walmart.com/ip/emoney/475484304,1800 South University Drive, Miramar, FL,33025
https://i5.walmartimages.com/seo/Barbie-Getaway-House-Doll-House-Playset-with-4-Play-Areas-26-06-in-Plastic_3f451d52-b190-438e-a880-6ebd62f7546f.6ffb1f0ca0fdc19fc2f8b96b698e3226.jpeg?odnHeight=450&odnWidth=450&odnBg=FFFFFF,1589,Barbie Getaway House,34.97, 8.0,77,10,0,0,Possibly OOS,https://www.walmart.com/ip/emoney/5020183681,16205 S Military Trl, Delray Beach, FL,33484
https://i5.walmartimages.com/seo/6V-Disney-Minnie-Mouse-Happy-Helpers-Scooter-with-Sidecar-Ride-On-Toy-by-Kid-Trax-1-mph_db6ccf3d-f1d0-4c45-bfc0-9c404432585b.39d380d5a423827d38c4cb4bcb68818d.jpeg?odnHeight=450&odnWidth=450&odnBg=FFFFFF,5671,6V Disney Minnie Mouse Happy Helpers Scooter with Sidecar Ride-On Toy by Kid Trax,138.0, 65.0,53,2,0,0,Possibly OOS,https://www.walmart.com/ip/emoney/5347646174,13600 Sw 288th St, Homestead, FL,33033
https://i5.walmartimages.com/seo/6V-Disney-Minnie-Mouse-Happy-Helpers-Scooter-with-Sidecar-Ride-On-Toy-by-Kid-Trax-1-mph_db6ccf3d-f1d0-4c45-bfc0-9c404432585b.39d380d5a423827d38c4cb4bcb68818d.jpeg?odnHeight=450&odnWidth=450&odnBg=FFFFFF,1349,6V Disney Minnie Mouse Happy Helpers Scooter with Sidecar Ride-On Toy by Kid Trax,138.0, 46.5,66,1,2,0, L15-6,https://www.walmart.com/ip/emoney/5347646174,3306 N University Dr, Sunrise, FL,33351
https://i5.walmartimages.com/seo/LEGO-Wicked-Glinda-Elphaba-s-Dormitory-Building-Toys-Wicked-Toys-for-Girls-Boys-Age-8-Buildable-Doll-House-for-Kids-75683_85912a2e-996d-4016-9664-b1185a39663e.684803710247642eb3685d33b7e3bc5c.jpeg?odnHeight=450&odnWidth=450&odnBg=FFFFFF,1349,LEGO Wicked Glinda & Elphabas Dormitory Building Toys - Wicked Toys for Girls & Boys,69.99, 30.0,57,0,6,0,Possibly OOS,https://www.walmart.com/ip/emoney/5389352585,3306 N University Dr, Sunrise, FL,33351
https://i5.walmartimages.com/seo/LEGO-Wicked-Glinda-Elphaba-s-Dormitory-Building-Toys-Wicked-Toys-for-Girls-Boys-Age-8-Buildable-Doll-House-for-Kids-75683_85912a2e-996d-4016-9664-b1185a39663e.684803710247642eb3685d33b7e3bc5c.jpeg?odnHeight=450&odnWidth=450&odnBg=FFFFFF,2814,LEGO Wicked Glinda & Elphabas Dormitory Building Toys - Wicked Toys for Girls & Boys,69.99, 30.0,57,8,0,0, FT1-12,https://www.walmart.com/ip/emoney/5389352585,9300 Nw 77th Ave, Hialeah, FL,33016
https://i5.walmartimages.com/seo/LEGO-Wicked-Glinda-Elphaba-s-Dormitory-Building-Toys-Wicked-Toys-for-Girls-Boys-Age-8-Buildable-Doll-House-for-Kids-75683_85912a2e-996d-4016-9664-b1185a39663e.684803710247642eb3685d33b7e3bc5c.jpeg?odnHeight=450&odnWidth=450&odnBg=FFFFFF,5945,LEGO Wicked Glinda & Elphabas Dormitory Building Toys - Wicked Toys for Girls & Boys,69.99, 30.0,57,3,0,0,Possibly OOS,https://www.walmart.com/ip/emoney/5389352585,400 W 49th St, Hialeah, FL,33012
https://i5.walmartimages.com/seo/LEGO-Wicked-Glinda-Elphaba-s-Dormitory-Building-Toys-Wicked-Toys-for-Girls-Boys-Age-8-Buildable-Doll-House-for-Kids-75683_85912a2e-996d-4016-9664-b1185a39663e.684803710247642eb3685d33b7e3bc5c.jpeg?odnHeight=450&odnWidth=450&odnBg=FFFFFF,5325,LEGO Wicked Glinda & Elphabas Dormitory Building Toys - Wicked Toys for Girls & Boys,69.99, 35.0,50,5,0,0,Possibly OOS,https://www.walmart.com/ip/emoney/5389352585,5555 W Atlantic Blvd, Margate, FL,33063
https://i5.walmartimages.com/seo/GOTRAX-G2Plus-Foldable-Electric-Scooter-for-Adult-Teens-Age-of-8-with-6-Tires-200W-12mph-Gray_79975278-c59d-4aa1-80ee-1adfd9100076.c4a23f8cff6481648eea982bb92271cc.jpeg?odnHeight=450&odnWidth=450&odnBg=FFFFFF,2946,"GOTRAX G2Plus Foldable Electric Scooter for Adult Teens Age of 8+ with 6"" Tires",198.0, 80.0,60,8,0,0,Possibly OOS,https://www.walmart.com/ip/emoney/629821072,2500 W Broward Blvd, Fort Lauderdale, FL,33312
https://i5.walmartimages.com/seo/GOTRAX-G2Plus-Foldable-Electric-Scooter-for-Adult-Teens-Age-of-8-with-6-Tires-200W-12mph-Gray_79975278-c59d-4aa1-80ee-1adfd9100076.c4a23f8cff6481648eea982bb92271cc.jpeg?odnHeight=450&odnWidth=450&odnBg=FFFFFF,2151,"GOTRAX G2Plus Foldable Electric Scooter for Adult Teens Age of 8+ with 6"" Tires",198.0, 80.0,60,0,2,0,Possibly OOS,https://www.walmart.com/ip/emoney/629821072,12555 W Sunrise Blvd, Sunrise, FL,33323
https://i5.walmartimages.com/seo/MS-OPP-BISTRO-ALBANY_01d9f0b7-b60a-460f-86e2-a11549403f38.38a3eeea29cc33f4fca94f62c5e3df6f.jpeg?odnHeight=450&odnWidth=450&odnBg=FFFFFF,1387,Mainstays Albany Lane 3 Piece Bistro Set,67.0, 27.0,60,12,0,0,Possibly OOS,https://www.walmart.com/ip/emoney/6831557743,3801 Turtle Creek Dr, Coral Springs, FL,33067
https://i5.walmartimages.com/seo/HART-20-Volt-Cordless-2-Gallon-Wet-Dry-Vacuum-Kit-1-20-Volt-4-0Ah-Lithium-Ion-Battery_881d6c41-9231-4e12-ae85-d53a5d3001e5.063944cf37c03c2f886df251e1625898.jpeg?odnHeight=450&odnWidth=450&odnBg=FFFFFF,4140,HART 20-Volt Cordless 2-Gallon Wet/Dry Vacuum Kit (1) 20-Volt 4.0Ah Lithium- Ion Battery,148.0, 61.0,59,3,0,0, I20-3,https://www.walmart.com/ip/emoney/763710634,6991 Sw 8th St, Miami, FL,33144
https://i5.walmartimages.com/seo/HART-20-Volt-Cordless-2-Gallon-Wet-Dry-Vacuum-Kit-1-20-Volt-4-0Ah-Lithium-Ion-Battery_881d6c41-9231-4e12-ae85-d53a5d3001e5.063944cf37c03c2f886df251e1625898.jpeg?odnHeight=450&odnWidth=450&odnBg=FFFFFF,4303,HART 20-Volt Cordless 2-Gallon Wet/Dry Vacuum Kit (1) 20-Volt 4.0Ah Lithium- Ion Battery,148.0, 60.0,59,3,0,0, L11-3,https://www.walmart.com/ip/emoney/763710634,3200 Nw 79th St, Miami, FL,33147
https://i5.walmartimages.com/seo/HART-20-Volt-Cordless-2-Gallon-Wet-Dry-Vacuum-Kit-1-20-Volt-4-0Ah-Lithium-Ion-Battery_881d6c41-9231-4e12-ae85-d53a5d3001e5.063944cf37c03c2f886df251e1625898.jpeg?odnHeight=450&odnWidth=450&odnBg=FFFFFF,4380,HART 20-Volt Cordless 2-Gallon Wet/Dry Vacuum Kit (1) 20-Volt 4.0Ah Lithium- Ion Battery,148.0, 61.0,59,2,1,0, I9-3,https://www.walmart.com/ip/emoney/763710634,10635 W Atlantic Blvd, Coral Springs, FL,33071
https://i5.walmartimages.com/seo/HART-20-Volt-Cordless-2-Gallon-Wet-Dry-Vacuum-Kit-1-20-Volt-4-0Ah-Lithium-Ion-Battery_881d6c41-9231-4e12-ae85-d53a5d3001e5.063944cf37c03c2f886df251e1625898.jpeg?odnHeight=450&odnWidth=450&odnBg=FFFFFF,1387,HART 20-Volt Cordless 2-Gallon Wet/Dry Vacuum Kit (1) 20-Volt 4.0Ah Lithium- Ion Battery,148.0, 60.0,59,3,0,0, I17-3,https://www.walmart.com/ip/emoney/763710634,4650 N University Dr, Coral Springs, FL,33067
https://i5.walmartimages.com/seo/HART-20-Volt-Cordless-2-Gallon-Wet-Dry-Vacuum-Kit-1-20-Volt-4-0Ah-Lithium-Ion-Battery_881d6c41-9231-4e12-ae85-d53a5d3001e5.063944cf37c03c2f886df251e1625898.jpeg?odnHeight=450&odnWidth=450&odnBg=FFFFFF,4595,HART 20-Volt Cordless 2-Gallon Wet/Dry Vacuum Kit (1) 20-Volt 4.0Ah Lithium- Ion Battery,148.0, 60.0,59,2,2,0, L15-1,https://www.walmart.com/ip/emoney/763710634,1885 N Pine Island Rd, Plantation, FL,33322
https://i5.walmartimages.com/seo/HART-20-Volt-Cordless-2-Gallon-Wet-Dry-Vacuum-Kit-1-20-Volt-4-0Ah-Lithium-Ion-Battery_881d6c41-9231-4e12-ae85-d53a5d3001e5.063944cf37c03c2f886df251e1625898.jpeg?odnHeight=450&odnWidth=450&odnBg=FFFFFF,0,HART 20-Volt Cordless 2-Gallon Wet/Dry Vacuum Kit (1) 20-Volt 4.0Ah Lithium- Ion Battery,148.0, 60.0,59,3,0,0, L16-3,https://www.walmart.com/ip/emoney/763710634,15601 Sw 127th Ave, Miami, FL,33177
https://i5.walmartimages.com/seo/HART-20-Volt-Cordless-2-Gallon-Wet-Dry-Vacuum-Kit-1-20-Volt-4-0Ah-Lithium-Ion-Battery_881d6c41-9231-4e12-ae85-d53a5d3001e5.063944cf37c03c2f886df251e1625898.jpeg?odnHeight=450&odnWidth=450&odnBg=FFFFFF,2814,HART 20-Volt Cordless 2-Gallon Wet/Dry Vacuum Kit (1) 20-Volt 4.0Ah Lithium- Ion Battery,148.0, 60.0,59,6,1,0, I15-3,https://www.walmart.com/ip/emoney/763710634,9300 Nw 77th Ave, Hialeah, FL,33016
https://i5.walmartimages.com/seo/HART-20-Volt-Cordless-2-Gallon-Wet-Dry-Vacuum-Kit-1-20-Volt-4-0Ah-Lithium-Ion-Battery_881d6c41-9231-4e12-ae85-d53a5d3001e5.063944cf37c03c2f886df251e1625898.jpeg?odnHeight=450&odnWidth=450&odnBg=FFFFFF,1517,HART 20-Volt Cordless 2-Gallon Wet/Dry Vacuum Kit (1) 20-Volt 4.0Ah Lithium- Ion Battery,148.0, 60.0,59,5,0,0, L11-3,https://www.walmart.com/ip/emoney/763710634,5001 N Federal Highway, Pompano Beach, FL,33064
https://i5.walmartimages.com/seo/HART-20-Volt-Cordless-2-Gallon-Wet-Dry-Vacuum-Kit-1-20-Volt-4-0Ah-Lithium-Ion-Battery_881d6c41-9231-4e12-ae85-d53a5d3001e5.063944cf37c03c2f886df251e1625898.jpeg?odnHeight=450&odnWidth=450&odnBg=FFFFFF,1590,HART 20-Volt Cordless 2-Gallon Wet/Dry Vacuum Kit (1) 20-Volt 4.0Ah Lithium- Ion Battery,148.0, 60.0,59,5,0,0, K5-3,https://www.walmart.com/ip/emoney/763710634,5851 Nw 177th St, Hialeah, FL,33015
https://i5.walmartimages.com/seo/HART-20-Volt-Cordless-2-Gallon-Wet-Dry-Vacuum-Kit-1-20-Volt-4-0Ah-Lithium-Ion-Battery_881d6c41-9231-4e12-ae85-d53a5d3001e5.063944cf37c03c2f886df251e1625898.jpeg?odnHeight=450&odnWidth=450&odnBg=FFFFFF,1589,HART 20-Volt Cordless 2-Gallon Wet/Dry Vacuum Kit (1) 20-Volt 4.0Ah Lithium- Ion Battery,148.0, 61.0,59,3,0,0, J21-3,https://www.walmart.com/ip/emoney/763710634,16205 S Military Trl, Delray Beach, FL,33484
https://i5.walmartimages.com/seo/HART-20-Volt-Cordless-2-Gallon-Wet-Dry-Vacuum-Kit-1-20-Volt-4-0Ah-Lithium-Ion-Battery_881d6c41-9231-4e12-ae85-d53a5d3001e5.063944cf37c03c2f886df251e1625898.jpeg?odnHeight=450&odnWidth=450&odnBg=FFFFFF,3397,HART 20-Volt Cordless 2-Gallon Wet/Dry Vacuum Kit (1) 20-Volt 4.0Ah Lithium- Ion Battery,148.0, 61.0,59,3,0,0, I22-3/I9-8,https://www.walmart.com/ip/emoney/763710634,17650 Nw 2nd Ave, Miami Gardens, FL,33169
https://i5.walmartimages.com/seo/HART-20-Volt-Cordless-2-Gallon-Wet-Dry-Vacuum-Kit-1-20-Volt-4-0Ah-Lithium-Ion-Battery_881d6c41-9231-4e12-ae85-d53a5d3001e5.063944cf37c03c2f886df251e1625898.jpeg?odnHeight=450&odnWidth=450&odnBg=FFFFFF,1680,HART 20-Volt Cordless 2-Gallon Wet/Dry Vacuum Kit (1) 20-Volt 4.0Ah Lithium- Ion Battery,148.0, 60.0,59,4,0,0, L3-3,https://www.walmart.com/ip/emoney/763710634,15885 Sw 88th St, Kendall, FL,33196
https://i5.walmartimages.com/seo/HART-20-Volt-Cordless-2-Gallon-Wet-Dry-Vacuum-Kit-1-20-Volt-4-0Ah-Lithium-Ion-Battery_881d6c41-9231-4e12-ae85-d53a5d3001e5.063944cf37c03c2f886df251e1625898.jpeg?odnHeight=450&odnWidth=450&odnBg=FFFFFF,1845,HART 20-Volt Cordless 2-Gallon Wet/Dry Vacuum Kit (1) 20-Volt 4.0Ah Lithium- Ion Battery,148.0, 61.0,59,3,0,0, L12-3,https://www.walmart.com/ip/emoney/763710634,4700 S Flamingo Rd, Cooper City, FL,33330
https://i5.walmartimages.com/seo/Voom-AirVac-Portable-Range-Hood-3-Speed-Kitchen-Exhaust-Fan-Low-Noise-LED-Lights_eed39763-1a94-49d9-ac37-f38f9bd420fc.01e4d5291b2be28c35d97e859fab7678.jpeg?odnHeight=450&odnWidth=450&odnBg=FFFFFF,1916,Voom AirVac Portable Range Hood,39.92, 19.98,50,3,0,0, Z19-5,https://www.walmart.com/ip/emoney/7844651525,5571 W Hillsboro Blvd, Coconut Creek, FL,33073
https://i5.walmartimages.com/seo/Voom-AirVac-Portable-Range-Hood-3-Speed-Kitchen-Exhaust-Fan-Low-Noise-LED-Lights_eed39763-1a94-49d9-ac37-f38f9bd420fc.01e4d5291b2be28c35d97e859fab7678.jpeg?odnHeight=450&odnWidth=450&odnBg=FFFFFF,2591,Voom AirVac Portable Range Hood,39.92, 20.0,50,6,0,0,Possibly OOS,https://www.walmart.com/ip/emoney/7844651525,151 Sw 184th Ave, Pembroke Pines, FL,33029
https://i5.walmartimages.com/seo/Voom-AirVac-Portable-Range-Hood-3-Speed-Kitchen-Exhaust-Fan-Low-Noise-LED-Lights_eed39763-1a94-49d9-ac37-f38f9bd420fc.01e4d5291b2be28c35d97e859fab7678.jpeg?odnHeight=450&odnWidth=450&odnBg=FFFFFF,4380,Voom AirVac Portable Range Hood,39.92, 20.0,50,5,4,0,Possibly OOS,https://www.walmart.com/ip/emoney/7844651525,10635 W Atlantic Blvd, Coral Springs, FL,33071
https://i5.walmartimages.com/seo/Voom-AirVac-Portable-Range-Hood-3-Speed-Kitchen-Exhaust-Fan-Low-Noise-LED-Lights_eed39763-1a94-49d9-ac37-f38f9bd420fc.01e4d5291b2be28c35d97e859fab7678.jpeg?odnHeight=450&odnWidth=450&odnBg=FFFFFF,3104,Voom AirVac Portable Range Hood,39.92, 20.0,50,11,0,0, Z12-2,https://www.walmart.com/ip/emoney/7844651525,1101 S Military Trl, Deerfield Beach, FL,33442
https://i5.walmartimages.com/seo/Voom-AirVac-Portable-Range-Hood-3-Speed-Kitchen-Exhaust-Fan-Low-Noise-LED-Lights_eed39763-1a94-49d9-ac37-f38f9bd420fc.01e4d5291b2be28c35d97e859fab7678.jpeg?odnHeight=450&odnWidth=450&odnBg=FFFFFF,3163,Voom AirVac Portable Range Hood,39.92, 20.0,50,5,0,0, G28-7,https://www.walmart.com/ip/emoney/7844651525,301 S State Road 7, Hollywood, FL,33023
https://i5.walmartimages.com/seo/Voom-AirVac-Portable-Range-Hood-3-Speed-Kitchen-Exhaust-Fan-Low-Noise-LED-Lights_eed39763-1a94-49d9-ac37-f38f9bd420fc.01e4d5291b2be28c35d97e859fab7678.jpeg?odnHeight=450&odnWidth=450&odnBg=FFFFFF,5854,Voom AirVac Portable Range Hood,39.92, 20.0,50,11,0,0, Z19-7/Z19-13,https://www.walmart.com/ip/emoney/7844651525,8400 Coral Way, Miami, FL,33155
https://i5.walmartimages.com/seo/Voom-AirVac-Portable-Range-Hood-3-Speed-Kitchen-Exhaust-Fan-Low-Noise-LED-Lights_eed39763-1a94-49d9-ac37-f38f9bd420fc.01e4d5291b2be28c35d97e859fab7678.jpeg?odnHeight=450&odnWidth=450&odnBg=FFFFFF,2987,Voom AirVac Portable Range Hood,39.92, 20.0,50,6,4,0,Possibly OOS,https://www.walmart.com/ip/emoney/7844651525,4301 S University Dr, Davie, FL,33328
https://i5.walmartimages.com/seo/Voom-AirVac-Portable-Range-Hood-3-Speed-Kitchen-Exhaust-Fan-Low-Noise-LED-Lights_eed39763-1a94-49d9-ac37-f38f9bd420fc.01e4d5291b2be28c35d97e859fab7678.jpeg?odnHeight=450&odnWidth=450&odnBg=FFFFFF,2151,Voom AirVac Portable Range Hood,39.92, 20.0,50,5,0,0,Possibly OOS,https://www.walmart.com/ip/emoney/7844651525,12555 W Sunrise Blvd, Sunrise, FL,33323
https://i5.walmartimages.com/seo/Voom-Sweeper-Cordless-and-Rechargeable-Power-Sweeper_e60ec992-cfbc-43e8-a006-a81913c5cb18.bbba1139fdd84d5fbc43321f070dbb83.jpeg?odnHeight=450&odnWidth=450&odnBg=FFFFFF,1996,Voom Sweeper,85.98, 23.0,73,4,0,0,Possibly OOS,https://www.walmart.com/ip/emoney/7848855956,2551 E Hallandale Beach Blvd, Hallandale Beach, FL,33009
https://i5.walmartimages.com/seo/Voom-Sweeper-Cordless-and-Rechargeable-Power-Sweeper_e60ec992-cfbc-43e8-a006-a81913c5cb18.bbba1139fdd84d5fbc43321f070dbb83.jpeg?odnHeight=450&odnWidth=450&odnBg=FFFFFF,2591,Voom Sweeper,85.98, 30.0,65,4,0,0, Z21-3,https://www.walmart.com/ip/emoney/7848855956,151 Sw 184th Ave, Pembroke Pines, FL,33029
https://i5.walmartimages.com/seo/Voom-Sweeper-Cordless-and-Rechargeable-Power-Sweeper_e60ec992-cfbc-43e8-a006-a81913c5cb18.bbba1139fdd84d5fbc43321f070dbb83.jpeg?odnHeight=450&odnWidth=450&odnBg=FFFFFF,1349,Voom Sweeper,85.98, 30.0,65,4,0,0, Z13-2,https://www.walmart.com/ip/emoney/7848855956,3306 N University Dr, Sunrise, FL,33351
https://i5.walmartimages.com/seo/Voom-Sweeper-Cordless-and-Rechargeable-Power-Sweeper_e60ec992-cfbc-43e8-a006-a81913c5cb18.bbba1139fdd84d5fbc43321f070dbb83.jpeg?odnHeight=450&odnWidth=450&odnBg=FFFFFF,2727,Voom Sweeper,85.98, 30.0,65,4,0,0, Z34-3,https://www.walmart.com/ip/emoney/7848855956,33501 S Dixie Hwy, Florida City, FL,33034
https://i5.walmartimages.com/seo/Voom-Sweeper-Cordless-and-Rechargeable-Power-Sweeper_e60ec992-cfbc-43e8-a006-a81913c5cb18.bbba1139fdd84d5fbc43321f070dbb83.jpeg?odnHeight=450&odnWidth=450&odnBg=FFFFFF,1589,Voom Sweeper,85.98, 30.0,65,4,0,0,Possibly OOS,https://www.walmart.com/ip/emoney/7848855956,16205 S Military Trl, Delray Beach, FL,33484
https://i5.walmartimages.com/seo/HydroTech-Pro-Series-3-4-in-Diameter-x-25-ft-Expandable-Burst-Proof-Hose_491d7bc1-00c9-49f7-841c-1c1a3538a107.451ac70b1d0957a313b7625225ef36cd.jpeg?odnHeight=450&odnWidth=450&odnBg=FFFFFF,1996,"HydroTech Pro Series Max Flow 3/4"" x 25 ft Expandable Garden Hose",44.94, 18.0,60,2,0,0,Possibly OOS,https://www.walmart.com/ip/emoney/8032003023,2551 E Hallandale Beach Blvd, Hallandale Beach, FL,33009
https://i5.walmartimages.com/seo/HydroTech-Pro-Series-3-4-in-Diameter-x-25-ft-Expandable-Burst-Proof-Hose_491d7bc1-00c9-49f7-841c-1c1a3538a107.451ac70b1d0957a313b7625225ef36cd.jpeg?odnHeight=450&odnWidth=450&odnBg=FFFFFF,4303,"HydroTech Pro Series Max Flow 3/4"" x 25 ft Expandable Garden Hose",44.94, 18.0,60,3,0,0,Possibly OOS,https://www.walmart.com/ip/emoney/8032003023,3200 Nw 79th St, Miami, FL,33147
https://i5.walmartimages.com/seo/HydroTech-Pro-Series-3-4-in-Diameter-x-25-ft-Expandable-Burst-Proof-Hose_491d7bc1-00c9-49f7-841c-1c1a3538a107.451ac70b1d0957a313b7625225ef36cd.jpeg?odnHeight=450&odnWidth=450&odnBg=FFFFFF,3163,"HydroTech Pro Series Max Flow 3/4"" x 25 ft Expandable Garden Hose",44.94, 2.0,96,2,0,0, G35-5,https://www.walmart.com/ip/emoney/8032003023,301 S State Road 7, Hollywood, FL,33023
https://i5.walmartimages.com/seo/HydroTech-Pro-Series-3-4-in-Diameter-x-25-ft-Expandable-Burst-Proof-Hose_491d7bc1-00c9-49f7-841c-1c1a3538a107.451ac70b1d0957a313b7625225ef36cd.jpeg?odnHeight=450&odnWidth=450&odnBg=FFFFFF,3235,"HydroTech Pro Series Max Flow 3/4"" x 25 ft Expandable Garden Hose",44.94, 18.0,60,2,0,0,Possibly OOS,https://www.walmart.com/ip/emoney/8032003023,1425 Ne 163rd St, North Miami Beach, FL,33162
https://i5.walmartimages.com/seo/HydroTech-Pro-Series-3-4-in-Diameter-x-25-ft-Expandable-Burst-Proof-Hose_491d7bc1-00c9-49f7-841c-1c1a3538a107.451ac70b1d0957a313b7625225ef36cd.jpeg?odnHeight=450&odnWidth=450&odnBg=FFFFFF,2814,"HydroTech Pro Series Max Flow 3/4"" x 25 ft Expandable Garden Hose",44.94, 18.0,60,5,0,0,Possibly OOS,https://www.walmart.com/ip/emoney/8032003023,9300 Nw 77th Ave, Hialeah, FL,33016
https://i5.walmartimages.com/seo/HydroTech-Pro-Series-3-4-in-Diameter-x-25-ft-Expandable-Burst-Proof-Hose_491d7bc1-00c9-49f7-841c-1c1a3538a107.451ac70b1d0957a313b7625225ef36cd.jpeg?odnHeight=450&odnWidth=450&odnBg=FFFFFF,4617,"HydroTech Pro Series Max Flow 3/4"" x 25 ft Expandable Garden Hose",44.94, 18.0,60,5,0,0,Possibly OOS,https://www.walmart.com/ip/emoney/8032003023,1199 S Federal Hwy, Pompano Beach, FL,33062
https://i5.walmartimages.com/seo/Dell-Inspiron-14-Laptop-5440-14-0-inch-16-10-FHD-Display-13th-Gen-Intel-Core-i5-1334U-8GB-DDR5-RAM-512GB-SSD-Intel-UHD-Graphics-Windows-11-Home-Onsit_16c4082c-11eb-4e26-a07b-e5dac39d25bb.c010a3f1dc1e965d76898011eb093df9.jpeg?odnHeight=450&odnWidth=450&odnBg=FFFFFF,2151,Dell Inspiron 14 Laptop 5440 14-inch FHD+ Intel Core i5-1334U 8GB RAM 512GB NVMe SSD Carbon Black,659.99, 299.0,55,2,0,0,Possibly OOS,https://www.walmart.com/ip/emoney/8988969760,12555 W Sunrise Blvd, Sunrise, FL,33323
https://i5.walmartimages.com/seo/Tide-Simply-Oxi-Boost-Ultra-Stain-Release-Refreshing-Breeze-Scent-162-fl-oz-115-Loads_c41c8867-099f-46af-abe9-a9ab7f9fcdda.4e83153f27c140715fa1668a5db0cfb1.jpeg?odnHeight=450&odnWidth=450&odnBg=FFFFFF,1916,Tide Simply Oxi Boost + Ultra Stain Release,14.94, 5.0,67,2,4,0, A27-10,https://www.walmart.com/ip/emoney/9669655903,5571 W Hillsboro Blvd, Coconut Creek, FL,33073
https://i5.walmartimages.com/seo/Mezco-Designer-Series-Annabelle-Comes-Home-Annabelle-Deluxe-Action-Figure_2a7a7569-40e2-406b-a050-20149d5a85cb.4f5580d72d5e8e7c789eb36872748b29.jpeg?odnHeight=450&odnWidth=450&odnBg=FFFFFF,3235,Mezco Designer Series Annabelle Comes Home: Annabelle Deluxe Action Figure,49.79, 14.0,72,2,3,0, F19-5,https://www.walmart.com/ip/emoney/993203593,1425 Ne 163rd St, North Miami Beach, FL,33162
